,Ca-Ca3,WREF,ABBY,US-Me6
resistance,0.35437908043750377,98.81575882654265,0.18990884638726468,-0.03858588147128282
resistance se,0.03573780553369024,1518.926501660267,0.19658244938768815,-0.23550201639577933
recovery,2.1455878200411695,-0.2429807989856921,6.341419906606613,-6.890921409214089
recovery se,0.22251907648108166,-0.07733227708953233,6.551784101541107,-42.1295803027159
resilience,0.7603514386640979,-24.01033203205079,1.2042917389208976,0.26589227672386
resilience se,0.06812077774002034,-369.1357452286237,0.1319687722018795,0.10591868937619199
