,Ca-Ca3,WREF,ABBY,US-Me6
resistance,1.2383101293670113,1.3309219026349248,1.3418183883340415,0.9965530856893053
resistance se,0.07024541812124616,0.16990979080180157,0.13056972526394287,0.046400464690396395
recovery,0.7181956880667122,0.6275729293804462,0.5732065207360201,0.8115548482799188
recovery se,0.03608414458842073,0.11014039597215447,0.08901615184562811,0.04051163262745079
resilience,0.8893489954007202,0.8352505572131969,0.7691390498365698,0.808757488259469
resilience se,0.057278953201413414,0.11979606007402051,0.11322640169694265,0.04798105254093459
