,Ca-Ca3,WREF,ABBY,US-Me6
resistance,1.7316133639929094,0.975527626874592,1.4680559544749103,1.3759288169747659
resistance se,0.15669453115928825,0.10187514681286261,0.09962925270061004,0.09607170399455925
recovery,0.7241690791151228,0.9810412000169692,0.8135590578134404,0.9042329823331855
recovery se,0.07344863719120769,0.09071626553167352,0.054362546775689,0.047477051180289144
resilience,1.2539808551861853,0.9570327937187558,1.194350219140019,1.2441602176512645
resilience se,0.09806106496182704,0.056432043780567286,0.03204325172624473,0.06596649366668093
