,Ca-Ca3,WREF,ABBY,US-Me6
resistance,1.7316133639929094,1.348413462634676,1.8475061752554316,1.3759288169747659
resistance se,0.15669453115928825,0.09588775289657957,0.1845796491568485,0.09607170399455925
recovery,0.7241690791151228,0.7053594791889206,0.8982407645546124,0.9042329823331855
recovery se,0.07344863719120769,0.022311183730857713,0.06824911945333899,0.047477051180289144
resilience,1.2539808551861853,0.9511162177353242,1.6595053593808067,1.2441602176512645
resilience se,0.09806106496182704,0.07300459965445903,0.11753253116138432,0.06596649366668093
