,Ca-Ca3,WREF,ABBY,US-Me6
resistance,0.5844631828762102,0.3399802685394256,0.9351211884552708,0.7744134780085817
resistance se,0.04061552878997741,0.08233256962068665,0.051250414295671745,0.07270321761407444
recovery,1.5384453778110136,3.2920063822439998,1.2816481032577083,1.117223947672012
recovery se,0.1242576978667334,0.7698590854996915,0.058580457734291956,0.10803786034215497
resilience,0.8991646821966188,1.119217213868818,1.1984962974997917,0.8651932830311606
resilience se,0.06087666439777147,0.08926223394639632,0.04818043062986747,0.03424645294032692
